id,conversation_id,created_at,date,time,timezone,user_id,username,name,place,tweet,language,mentions,urls,photos,replies_count,retweets_count,likes_count,hashtags,cashtags,link,retweet,quote_url,video,thumbnail,near,geo,source,user_rt_id,user_rt,retweet_id,reply_to,retweet_date,translate,trans_src,trans_dest
1461559302905217025,1461030986653728777,2021-11-18 23:57:46 EST,2021-11-18,23:57:46,-0500,18241029,ardem,Ardem üêê,,"@ArnoAlahverdian @AliTahmizian Talking to hypocrites whose country is attacking Armenians, who show zero concern for Armenians and subtly support what Azerbaijan is doing, at the minimum stay silent or ignore it. For example covid who called @ChrisKhach a nazi and more names as he kept fumbling word meanings",en,"[{'screen_name': 'chriskhach', 'name': '÷Ñ’µ’≠', 'id': '3591543072'}]",[],[],0,0,0,[],[],https://twitter.com/ardem/status/1461559302905217025,False,,0,,,,,,,,"[{'screen_name': 'ArnoAlahverdian', 'name': 'Arnold Alahverdian', 'id': '1033065529211154432'}, {'screen_name': 'AliTahmizian', 'name': 'Alison Tahmizian Meuse', 'id': '394593711'}]",,,,
1461559300090777604,1349696177927667714,2021-11-18 23:57:46 EST,2021-11-18,23:57:46,-0500,1176830164468228096,rohitku93351441,Rohitkumarsingh_rks,,@VTankha @RahulGandhi @INCIndia He was bang on DeMo.. Rafale... Covid and now on farm laws.,en,[],[],[],0,0,0,[],[],https://twitter.com/Rohitku93351441/status/1461559300090777604,False,,0,,,,,,,,"[{'screen_name': 'VTankha', 'name': 'Vivek Tankha', 'id': '2574088589'}, {'screen_name': 'RahulGandhi', 'name': 'Rahul Gandhi', 'id': '3171712086'}, {'screen_name': 'INCIndia', 'name': 'Congress', 'id': '1153045459'}]",,,,
1461559294537654276,1461241177848614912,2021-11-18 23:57:44 EST,2021-11-18,23:57:44,-0500,1287934490870984705,jussi_as,Jussi√Ñs,,"@Pia32595812 @gRiLLiOne @ylepuhe Julkaistu tilannekuvaraportti Suomen teho-osastoilla olleista covid-19 -potilaista:  https://t.co/vNSsHX8lLD  ""Ylipainoisia on ollut 86 % tehohoitoa tarvinneista COVID-19-potilaista.""",fi,[],['https://www.psshp.fi/documents/7796350/7841067/Tehohoidon+raportti+15092021/4970753d-de3a-4b44-80af-a5e4334f5e98'],[],0,0,0,[],[],https://twitter.com/jussi_as/status/1461559294537654276,False,,0,,,,,,,,"[{'screen_name': 'Pia32595812', 'name': 'Pia', 'id': '1188765288667537408'}, {'screen_name': 'gRiLLiOne', 'name': 'Dome', 'id': '1141325726'}, {'screen_name': 'ylepuhe', 'name': 'YLE Puhe', 'id': '29940208'}]",,,,
1461559291475750918,1461472775676350465,2021-11-18 23:57:44 EST,2021-11-18,23:57:44,-0500,1384880339206610950,basebal19241149,Baseball,,@Anothergreen @MikeLoychik Covid s a damn joke,en,[],[],[],0,0,0,[],[],https://twitter.com/Basebal19241149/status/1461559291475750918,False,,0,,,,,,,,"[{'screen_name': 'Anothergreen', 'name': 'AnotherGreen', 'id': '13870942'}, {'screen_name': 'MikeLoychik', 'name': 'Representative Mike Loychik', 'id': '1323373241059213313'}]",,,,
1461559290775277572,1461254779124940801,2021-11-18 23:57:44 EST,2021-11-18,23:57:44,-0500,76683209,pratapse,Western Ghats,,"@WomanHindu Generally tend to agree with you. But aaj subah Middle Class Hinduo ko bus ke neeche fekk diya gaya hai.  We bore the brunt of #FarmersProtest for 15 months, got taxed exponentially post COVID to pay for Kisan Samaan &amp; Modi-Shah have bowed down with village thugs @shilpa_khopade",en,"[{'screen_name': 'shilpa_khopade', 'name': 'queen of spades', 'id': '2322111494'}]",[],[],0,0,0,['farmersprotest'],[],https://twitter.com/pratapse/status/1461559290775277572,False,,0,,,,,,,,"[{'screen_name': 'WomanHindu', 'name': 'Pracharak turned PMüôè', 'id': '356284235'}]",,,,
1461559287080046597,1461559287080046597,2021-11-18 23:57:43 EST,2021-11-18,23:57:43,-0500,1154110806876758016,b_b_r_basudev,Basudev Behera,,#Balijatra is history now for #cuttackians. #Covid is an excuse only to stop this historic and glorious cultural event.,en,[],[],[],0,0,0,"['balijatra', 'cuttackians', 'covid']",[],https://twitter.com/b_b_r_basudev/status/1461559287080046597,False,,0,,,,,,,,[],,,,
1461559285394161666,1461489382905589760,2021-11-18 23:57:42 EST,2021-11-18,23:57:42,-0500,143121825,albertoanciano,Alberto,,@politico @ErinBanco @owermohle @adamcancryn how does your team feel on doing some journalism into the fact that @US_FDA is asking for 55 years to share the data it relied upon in licensing #Pfizer‚Äôs COVID-19 vaccine  https://t.co/f6z4Yg7G9J cant think of a better fit to report on this,en,"[{'screen_name': 'owermohle', 'name': 'sarah owermohle', 'id': '370219796'}, {'screen_name': 'adamcancryn', 'name': 'adam cancryn', 'id': '49849334'}, {'screen_name': 'us_fda', 'name': 'u.s. fda', 'id': '208120290'}]",['https://www.reuters.com/legal/government/wait-what-fda-wants-55-years-process-foia-request-over-vaccine-data-2021-11-18/'],[],0,0,0,['pfizer'],[],https://twitter.com/AlbertoAnciano/status/1461559285394161666,False,,0,,,,,,,,"[{'screen_name': 'politico', 'name': 'POLITICO', 'id': '9300262'}]",,,,
1461559285356191748,1461559285356191748,2021-11-18 23:57:42 EST,2021-11-18,23:57:42,-0500,1061420826,sootytweet,Sooty,,"Perhaps Ardern is mean and will use covid levels as excuse for less guests save money and still sell the story for the dollars - womens weekly etc., in the old days the womens weekly ended up in the Thunder house.",en,[],[],[],0,0,0,[],[],https://twitter.com/sootytweet/status/1461559285356191748,False,https://twitter.com/JaneMorganNZ1/status/1461500992793419777,0,,,,,,,,[],,,,
1461559279945609219,1461559279945609219,2021-11-18 23:57:41 EST,2021-11-18,23:57:41,-0500,1318969322572742657,gamb_pablo,PabloGamb,," https://t.co/DrmB6zceAq ""Estas son medidas inhumanas"": especialista en √âtica condena los encierros gubernamentales ""irracionales"" y los pinchazos de COVID ""no cient√≠ficos""",es,[],['https://drive.google.com/file/d/1HlbMbUaO5eYTzXLqpPE67W7gwxZ99QeD/view?usp=drivesdk'],[],0,0,0,[],[],https://twitter.com/gamb_pablo/status/1461559279945609219,False,,0,,,,,,,,[],,,,
1461559277479473155,1461548334112411650,2021-11-18 23:57:40 EST,2021-11-18,23:57:40,-0500,1041554588,michellemariiii,Michelle,,"@SexCounseling @KLeabhar I‚Äôm wondering how many people, if any, got Covid after their booster. They would never tell the truth, but curious ü§î",en,[],[],[],0,0,0,[],[],https://twitter.com/Michellemariiii/status/1461559277479473155,False,,0,,,,,,,,"[{'screen_name': 'SexCounseling', 'name': 'Dr. Dawn Michaelüíó', 'id': '204444440'}, {'screen_name': 'KLeabhar', 'name': 'Kevin (Booker) Leabhar', 'id': '1435688942615949321'}]",,,,
1461559276095238145,1461526509001322501,2021-11-18 23:57:40 EST,2021-11-18,23:57:40,-0500,1064363378120962048,blueoc1981,Joseph in THEE OCüá≤üáΩüá©üá™üá´üá∑üè≥Ô∏è‚Äçüåà,,"@RepSteel By the way, you know how to count? Let‚Äôs count up the over 5000 people in Orange County that died from COVID because of you.",en,[],[],[],0,0,0,[],[],https://twitter.com/BlueOc1981/status/1461559276095238145,False,,0,,,,,,,,"[{'screen_name': 'RepSteel', 'name': 'Rep. Michelle Steel', 'id': '1343740146630451200'}]",,,,
1461559276086902784,1461559276086902784,2021-11-18 23:57:40 EST,2021-11-18,23:57:40,-0500,38372749,julioclip,julioclip_,,So I finally took the covid-19 vaccine and this might be my last tweet ever,en,[],[],[],0,0,0,[],[],https://twitter.com/julioclip/status/1461559276086902784,False,,0,,,,,,,,[],,,,
1461559275872948228,1461559275872948228,2021-11-18 23:57:40 EST,2021-11-18,23:57:40,-0500,723369426,ashokmadanindia,Ashok Madan,,WTO | 2021 News items - Members to continue discussion on a common COVID-19 IP response up until MC12&lt;!--/WTH:INSERT_TITLE--&gt;  https://t.co/YbCu1YMygz,en,[],['https://www.wto.org/english/news_e/news21_e/trip_18nov21_e.htm'],[],0,0,0,[],[],https://twitter.com/ashokmadanindia/status/1461559275872948228,False,,0,,,,,,,,[],,,,
1461559274207731713,1461472691953807362,2021-11-18 23:57:40 EST,2021-11-18,23:57:40,-0500,1158086879297675264,brandon34905314,üá®üá¶Brandonüá∫üá∏ 4doorsmorewhores,,"@LexyBGood @IrfanDhalla What protection? What stats do you have to make this claim? Your kid has a higher chance of dying on the drive to school, then from covid according to statistics.",en,[],[],[],0,0,0,[],[],https://twitter.com/Brandon34905314/status/1461559274207731713,False,,0,,,,,,,,"[{'screen_name': 'LexyBGood', 'name': 'LexyBGood', 'id': '834688281149394944'}, {'screen_name': 'IrfanDhalla', 'name': 'Irfan Dhalla', 'id': '102143400'}]",,,,
1461559273637310470,1461559273637310470,2021-11-18 23:57:39 EST,2021-11-18,23:57:39,-0500,879810242153914368,ak_pennington,Alison Pennington,,The Cwth govt cut JobKeeper &amp; COVID Supplement prematurely. We were without support when it mattered most. @JimboStanford &amp; I catalogue international COVID measures. Many still in place. Aus is an outlier w the speed in which emergency measures were cut.  https://t.co/zWB5HFp0UE,en,"[{'screen_name': 'jimbostanford', 'name': 'jim stanford', 'id': '344508502'}]",['https://www.futurework.org.au/international_comparisons_of_continuing_covid_support_programs'],[],0,0,0,[],[],https://twitter.com/ak_pennington/status/1461559273637310470,False,,0,,,,,,,,[],,,,
1461559272953810945,1461559272953810945,2021-11-18 23:57:39 EST,2021-11-18,23:57:39,-0500,1159311785658408960,queenfororo_,Duleüåà,,quiero dormir y despertar en un mundo libre de covid,es,[],[],[],0,0,0,[],[],https://twitter.com/queenfororo_/status/1461559272953810945,False,,0,,,,,,,,[],,,,
1461559266247122946,1461559266247122946,2021-11-18 23:57:38 EST,2021-11-18,23:57:38,-0500,5909192,alexbottoni,Alessandro Bottoni,,Accanto al Covid √® tornata l'influenza.  https://t.co/l2uCEGCfJO via @repubblica - Vaccinatevi! Non √® questo il momento giusto per avere bisogno di un ospedale.,it,"[{'screen_name': 'repubblica', 'name': 'repubblica', 'id': '18935802'}]",['https://www.repubblica.it/cronaca/2021/11/18/news/accanto_al_covid_torna_l_influenza_colpiti_soprattutto_i_bambini-326882556/'],[],0,0,0,[],[],https://twitter.com/alexbottoni/status/1461559266247122946,False,,0,,,,,,,,[],,,,
1461559265840168964,1461187402089730048,2021-11-18 23:57:38 EST,2021-11-18,23:57:38,-0500,1440516641968701442,mc81905877,Mc _,,@AnuskaUpadhyaya God knows  study or dont study  contract covid either wayü§£ü§£ü§£,en,[],[],[],0,0,0,[],[],https://twitter.com/Mc81905877/status/1461559265840168964,False,,0,,,,,,,,"[{'screen_name': 'AnuskaUpadhyaya', 'name': 'Anuska Upadhyaya', 'id': '1457424233013800966'}]",,,,
1461559265802477568,1461559265802477568,2021-11-18 23:57:38 EST,2021-11-18,23:57:38,-0500,39888443,itsmeraywalker,Ray Walker üá®üá¶,,The long haul COVID-19 conditions have taken its toll on #NHLJets 26. Time to look seriously about sitting him down and letting 91 have his NHL spot. #GoJetsGo  https://t.co/x6tquoVoda,en,[],[],['https://pbs.twimg.com/media/FEiAaBsX0AEooLr.jpg'],0,0,0,"['nhljets', 'gojetsgo']",[],https://twitter.com/ItsMeRayWalker/status/1461559265802477568,False,,1,https://pbs.twimg.com/media/FEiAaBsX0AEooLr.jpg,,,,,,,[],,,,
1461559265764642820,1461559265764642820,2021-11-18 23:57:38 EST,2021-11-18,23:57:38,-0500,1304282907024867329,kp_polsek,Polsek KP Samarinda,,Antisipasi Penularan Covid-19 Hindari Diri Dari Kerumunan ‚Ä¢ #AyoLawanCorona #poldakaltim  #polrestasamarinda #polsekkpsamarinda  https://t.co/jzsFiRlRYq,in,[],[],['https://pbs.twimg.com/media/FEiAZ_aUYAQ7V94.jpg'],0,0,0,"['ayolawancorona', 'poldakaltim', 'polrestasamarinda', 'polsekkpsamarinda']",[],https://twitter.com/kp_polsek/status/1461559265764642820,False,,1,https://pbs.twimg.com/media/FEiAZ_aUYAQ7V94.jpg,,,,,,,[],,,,
1461561497109217280,1461561497109217280,2021-11-19 00:06:30 EST,2021-11-19,00:06:30,-0500,1149173893157888000,tbsnewsdotnet,The Business Standard,,"#Singapore business events bounce back post #Covid, #HongKong flounders  https://t.co/SzRRILGUT4",en,[],['https://www.tbsnews.net/world/south-asia/singapore-business-events-bounce-back-post-covid-hong-kong-flounders-331819#.YZcwu6dNxWU.twitter'],[],0,0,0,"['singapore', 'covid', 'hongkong']",[],https://twitter.com/tbsnewsdotnet/status/1461561497109217280,False,,0,,,,,,,,[],,,,
1461561493674024968,1461561493674024968,2021-11-19 00:06:29 EST,2021-11-19,00:06:29,-0500,1962400056,tnt_bulletin,TNT-The Northeast Today,,TNT | STATES | COVID-19 Status  #meghalaya #assam #tripura #arunachalpradesh #manipur #nagaland #mizoram #sikkim #shillong #imphal #kohima #itanagar #gangtok #guwahati #dispur #dimapur #agartala #aizawl #news #northeastindia #tnt #thenortheasttoday #covid_19 #covid #covidindia  https://t.co/sHCI8tFWj9,en,[],[],['https://pbs.twimg.com/media/FEiCV_gUYAID9P8.jpg'],0,0,0,"['meghalaya', 'assam', 'tripura', 'arunachalpradesh', 'manipur', 'nagaland', 'mizoram', 'sikkim', 'shillong', 'imphal', 'kohima', 'itanagar', 'gangtok', 'guwahati', 'dispur', 'dimapur', 'agartala', 'aizawl', 'news', 'northeastindia', 'tnt', 'thenortheasttoday', 'covid_19', 'covid', 'covidindia']",[],https://twitter.com/Tnt_Bulletin/status/1461561493674024968,False,,1,https://pbs.twimg.com/media/FEiCV_gUYAID9P8.jpg,,,,,,,[],,,,
1461561431191695360,1461561431191695360,2021-11-19 00:06:14 EST,2021-11-19,00:06:14,-0500,1910415715,detresarroyos,de Tres Arroyos,,El distrito no registra casos activos #covid,es,[],[],[],0,0,0,['covid'],[],https://twitter.com/detresarroyos/status/1461561431191695360,False,,0,,,,,,,,[],,,,
1461561424329728000,1461561424329728000,2021-11-19 00:06:12 EST,2021-11-19,00:06:12,-0500,1394360892,wero_zel,wero,,"#covid w Polsce szaleje, ale dodatkowych restrykcji brak. Ma≈Ço kto nosi maseczki, a my siƒô oburzamy, ≈ºe pracodawca mo≈ºe sprawdziƒá zaszczepienie. Natomiast w Grecji nawet kawy w kawiarni siƒô nie napijemy bez pokazania #paszportCovidowy A ponoƒá to po≈Çudniowcy nieogarniƒôci‚Ä¶ ü§∑üèª‚Äç‚ôÄÔ∏è",pl,[],[],[],0,0,0,"['covid', 'paszportcovidowy']",[],https://twitter.com/wero_zel/status/1461561424329728000,False,,0,,,,,,,,[],,,,
1461561411889467394,1461561411889467394,2021-11-19 00:06:09 EST,2021-11-19,00:06:09,-0500,3295412033,tamjeedmd,tamy,,This is due to Republicans laying their arms down in the fight against the COVID. ‚Å¶@GOPLeader‚Å© ‚Å¶@GovRonDeSantis‚Å© ‚Å¶@GovernorKayIvey‚Å© ‚Å¶@GOP‚Å©. Republicans want COVID to linger on. ‚Å¶@WHCOS‚Å© ‚Å¶@wsfa12news‚Å© #covid  https://t.co/hvxLdqwAV6,en,"[{'screen_name': 'gopleader', 'name': 'kevin mccarthy', 'id': '19739126'}, {'screen_name': 'govrondesantis', 'name': 'ron desantis', 'id': '1058807868'}, {'screen_name': 'governorkayivey', 'name': 'governor kay ivey', 'id': '19668491'}, {'screen_name': 'gop', 'name': 'gop', 'id': '11134252'}, {'screen_name': 'whcos', 'name': 'ronald klain', 'id': '1351284403801108481'}, {'screen_name': 'wsfa12news', 'name': 'wsfa 12 news', 'id': '21845346'}]",[],['https://pbs.twimg.com/media/FEiCWvvWYAEvuJG.jpg'],0,0,0,['covid'],[],https://twitter.com/tamjeedmd/status/1461561411889467394,False,,1,https://pbs.twimg.com/media/FEiCWvvWYAEvuJG.jpg,,,,,,,[],,,,
1461561411625275401,1461561411625275401,2021-11-19 00:06:09 EST,2021-11-19,00:06:09,-0500,807036338516201472,jmgdrev,John M. Gregory-Davi,,"@GovChrisSununu's crisis-time power grab is the worst kind of politics. We need elected officials to work together. The joint bipartisan Fiscal Committee has an important oversight role to play, why is Sununu standing in the way? #NH #COVID-19 nhpolitics  https://t.co/0sjLxENRxB",en,[],['http://act.granitestateprogress.org/sign/take-action-now-urge-nh-lawmakers-accept-federal-covid-vaccine-dollars?akid=s1780..0C0J1Y'],[],0,0,0,"['nh', 'covid']",[],https://twitter.com/JMGDRev/status/1461561411625275401,False,,0,,,,,,,,[],,,,
1461561371875704838,1461561371875704838,2021-11-19 00:06:00 EST,2021-11-19,00:06:00,-0500,44145131,noticierovv,Noticiero Venevisi√≥n,,#19Nov Italia ordena la compra de 100.000 tratamientos de f√°rmacos orales anti-Covid  https://t.co/x7RlyQLqxH  #Internacional #Italia #NoticieroVenevision #Covid  https://t.co/nfjlNQe543,es,[],['https://bit.ly/30LW1At'],['https://pbs.twimg.com/media/FEhHBq0XwAUED95.jpg'],0,0,0,"['19nov', 'internacional', 'italia', 'noticierovenevision', 'covid']",[],https://twitter.com/noticierovv/status/1461561371875704838,False,,1,https://pbs.twimg.com/media/FEhHBq0XwAUED95.jpg,,,,,,,[],,,,
1461561240312971264,1461559977953267719,2021-11-19 00:05:28 EST,2021-11-19,00:05:28,-0500,2565284137,garudadwaja,GarudaDhwaja #JaiShreeRaam üôè,,"If you b!tches were going to capitulate anyway, atleast you could have done it earlier and prevented the #Covid 2nd wave.  Now any rando can hold the govt hostage.  What about the benefits that the farm laws were giving true farmers?  Are they supposed to be slaves of APMC now?",en,[],[],[],0,0,0,['covid'],[],https://twitter.com/garudadwaja/status/1461561240312971264,False,,0,,,,,,,,[],,,,
1461561144825417733,1461561144825417733,2021-11-19 00:05:06 EST,2021-11-19,00:05:06,-0500,474955169,krispin1991,Krispin | ‡Æï‡Æø‡Æ±‡Æø‡Æ∏‡Øç‡Æ™‡Æø‡Æ©‡Øç,,He was right about #COVID situation and he was right about the #FarmLaws,en,[],[],[],0,0,0,"['covid', 'farmlaws']",[],https://twitter.com/krispin1991/status/1461561144825417733,False,https://twitter.com/RahulGandhi/status/1349696177927667714,0,,,,,,,,[],,,,
1461561120368599042,1461561120368599042,2021-11-19 00:05:00 EST,2021-11-19,00:05:00,-0500,174137795,woodfordindk,Shane Woodford,,"In #Informeret today   Highest #COVID19 cases of 2021 in #Denmark  #Sweden dodging a bullet but how much longer?  Epidemic ‚¨ÜÔ∏è in üá≥üá¥&amp;üá´üáÆ  #Germany #COVID cases up, restrictions come down  #EMA decision coming soon on üíâkids  &amp; LOTS more  Subscribe &amp; Share    https://t.co/OAS18JRLAJ",en,[],['https://bit.ly/3kQyi9g'],[],0,0,0,"['informeret', 'covid19', 'denmark', 'sweden', 'germany', 'covid', 'ema']",[],https://twitter.com/WoodfordinDK/status/1461561120368599042,False,,0,,,,,,,,[],,,,
1461561106850189314,1461561106850189314,2021-11-19 00:04:57 EST,2021-11-19,00:04:57,-0500,1365990969338953739,incrharidwar,Incredible Haridwar,,"‡§π‡§∞‡§ï‡•Ä ‡§™‡•à‡§°‡§º‡•Ä ‡§™‡§∞ ‡§¶‡§ø‡§ñ‡§æ ‡§Ö‡§¶‡•ç‡§≠‡•Å‡§§ ‡§®‡§ú‡§æ‡§∞‡§æ, ‡§§‡§∏‡•ç‡§µ‡•Ä‡§∞‡•á‡§Ç  #incrharidwar  #haridwar #haridwartrip #ganga #happybirthday #birthday #kumbh #covid #rishikesh #dehradun #rishikeshlive #rishikeshvibes #uttarakhandtraveller  https://t.co/eK0ktzeWAg",hi,[],[],['https://pbs.twimg.com/media/FEiCEs5XEAIR1m0.jpg'],0,0,0,"['incrharidwar', 'haridwar', 'haridwartrip', 'ganga', 'happybirthday', 'birthday', 'kumbh', 'covid', 'rishikesh', 'dehradun', 'rishikeshlive', 'rishikeshvibes', 'uttarakhandtraveller']",[],https://twitter.com/incrharidwar/status/1461561106850189314,False,,1,https://pbs.twimg.com/media/FEiCEs5XEAIR1m0.jpg,,,,,,,[],,,,
1461561081172684805,1461561081172684805,2021-11-19 00:04:50 EST,2021-11-19,00:04:50,-0500,1365990969338953739,incrharidwar,Incredible Haridwar,,Mahadev  #incrharidwar  #haridwar #haridwartrip #ganga #happybirthday #birthday #kumbh #covid #rishikesh #dehradun #rishikeshlive #rishikeshvibes #uttarakhandtraveller  https://t.co/ysyDSfBdOl,et,[],[],[],0,0,0,"['incrharidwar', 'haridwar', 'haridwartrip', 'ganga', 'happybirthday', 'birthday', 'kumbh', 'covid', 'rishikesh', 'dehradun', 'rishikeshlive', 'rishikeshvibes', 'uttarakhandtraveller']",[],https://twitter.com/incrharidwar/status/1461561081172684805,False,,1,https://pbs.twimg.com/ext_tw_video_thumb/1461561039150059521/pu/img/czgVFQBMMpO3eyTV.jpg,,,,,,,[],,,,
1461561047630827522,1461561047630827522,2021-11-19 00:04:42 EST,2021-11-19,00:04:42,-0500,141584822,ians_india,IANS Tweets,,"In the last 24 hours, #India registered 11,106 new coronavirus cases and 459 deaths, the Ministry of Health and Family Welfare (@MoHFW_INDIA) said in its latest update.  With the new fatalities, the nationwide #Covid death toll has increased to 4,65,082.  https://t.co/OTrnxwpnvd",en,"[{'screen_name': 'mohfw_india', 'name': 'ministry of health', 'id': '2596143056'}]",[],['https://pbs.twimg.com/media/FEiCBOkVEAM6Sj9.jpg'],0,0,2,"['india', 'covid']",[],https://twitter.com/ians_india/status/1461561047630827522,False,,1,https://pbs.twimg.com/media/FEiCBOkVEAM6Sj9.jpg,,,,,,,[],,,,
1461560999492784128,1461560999492784128,2021-11-19 00:04:31 EST,2021-11-19,00:04:31,-0500,1292072667374219264,ntk_thiruvallur,NTK-Thiruvallur,,"Owing to the #COVID situation, colleges were shut down for the past two years. Both classes and exams were conducted online in colleges throughout TN. The students are not up to speed when it comes to giving direct examinations this semester. @SeemanOfficial #‡ÆÆ‡Ææ‡Æ£‡Æµ‡Æ∞‡Øç‡Æï‡Æ≥‡Øã‡Æü‡ØÅ_‡Æö‡ØÄ‡ÆÆ‡Ææ‡Æ©‡Øç",en,"[{'screen_name': 'seemanofficial', 'name': '‡Æö‡ØÄ‡ÆÆ‡Ææ‡Æ©‡Øç', 'id': '922700987822882816'}]",[],[],0,0,0,"['covid', '‡ÆÆ‡Ææ‡Æ£‡Æµ‡Æ∞‡Øç‡Æï‡Æ≥‡Øã‡Æü‡ØÅ_‡Æö‡ØÄ‡ÆÆ‡Ææ‡Æ©‡Øç']",[],https://twitter.com/NTK_Thiruvallur/status/1461560999492784128,False,,0,,,,,,,,[],,,,
1461560831884156929,1461560831884156929,2021-11-19 00:03:51 EST,2021-11-19,00:03:51,-0500,1369567984226861057,vandhaanoruvan,‡Æµ‡Æ®‡Øç‡Æ§‡Ææ‡Æ©‡Øç ‡Æí‡Æ∞‡ØÅ‡Æµ‡Æ©‡Øç (‡Æá‡Æ©‡Øç‡Æö‡Øä‡Æ≤‡Øç),,"When @mkstalin was d opposition leader, he voiced out against offline mode of examinations during the #COVID situation. When d corona threat is not off As d current chief minister, he doesn't even pay attention to students' protests in favor of online exams  #‡ÆÆ‡Ææ‡Æ£‡Æµ‡Æ∞‡Øç‡Æï‡Æ≥‡Øã‡Æü‡ØÅ_‡Æö‡ØÄ‡ÆÆ‡Ææ‡Æ©‡Øç  https://t.co/SltlB4Po7p",en,"[{'screen_name': 'mkstalin', 'name': 'm.k.stalin', 'id': '2163039523'}]",[],[],0,2,0,"['covid', '‡ÆÆ‡Ææ‡Æ£‡Æµ‡Æ∞‡Øç‡Æï‡Æ≥‡Øã‡Æü‡ØÅ_‡Æö‡ØÄ‡ÆÆ‡Ææ‡Æ©‡Øç']",[],https://twitter.com/VandhaanOruvan/status/1461560831884156929,False,,1,https://pbs.twimg.com/ext_tw_video_thumb/1461560739450159106/pu/img/XAMmmvNlDZla18O2.jpg,,,,,,,[],,,,
1461560773789073410,1461560773789073410,2021-11-19 00:03:37 EST,2021-11-19,00:03:37,-0500,2748627196,mccarthyrosi,Rosi Ger√∂llheimer,,So sieht's aus! #Covid #Ampel #Lindner #Koalition  https://t.co/gBZ0lEjbk7,de,[],[],[],0,0,0,"['covid', 'ampel', 'lindner', 'koalition']",[],https://twitter.com/MccarthyRosi/status/1461560773789073410,False,,1,https://pbs.twimg.com/ext_tw_video_thumb/1461560724828868610/pu/img/-fS0PPDwNWiKX4gX.jpg,,,,,,,[],,,,
1461560662455459841,1461273267533225984,2021-11-19 00:03:11 EST,2021-11-19,00:03:11,-0500,1326630942581121025,lewmarciniak,Lew,,"@pisorgpl @MorawieckiM To akurat kolejne k≈Çamstwo @pisorgpl   Prawda jest za to, ze jestesmy europejskim liderem zachorowa≈Ñ i ≈õmiertelno≈õci na #covid.",pl,"[{'screen_name': 'pisorgpl', 'name': 'prawo i sprawiedliwo≈õƒá', 'id': '15877628'}]",[],[],0,0,0,['covid'],[],https://twitter.com/LewMarciniak/status/1461560662455459841,False,,0,,,,,,,,"[{'screen_name': 'pisorgpl', 'name': 'Prawo i Sprawiedliwo≈õƒá', 'id': '15877628'}, {'screen_name': 'MorawieckiM', 'name': 'Mateusz Morawiecki', 'id': '939053934232195072'}]",,,,
1461560615978225664,1461560615978225664,2021-11-19 00:02:59 EST,2021-11-19,00:02:59,-0500,130409595,azadbarmer,Azad Singh Rathore Barmer,,Modi government has always been proved wrong and in the end does what Rahul Gandhi says. #Covid #Economy or #Farmer_law.   Hopefully now government will address his concerns over China aggression.   #RahulGandhi     https://t.co/AY50LnzjKE,en,[],[],[],0,3,2,"['covid', 'economy', 'farmer_law', 'rahulgandhi']",[],https://twitter.com/AzadBarmer/status/1461560615978225664,False,,1,https://pbs.twimg.com/ext_tw_video_thumb/1349695511717023745/pu/img/s68F-c02-eyZLX5q.jpg,,,,,,,[],,,,
1461560559405449218,1461560559405449218,2021-11-19 00:02:46 EST,2021-11-19,00:02:46,-0500,2207446291,zeeodisha,ZEE Odisha,,"‡¨¶‡≠á‡¨∂‡¨∞‡≠á ‡¨¶‡¨ø‡¨®‡¨ï‡¨∞‡≠á ‡¨ö‡¨ø‡¨π‡≠ç‡¨®‡¨ü ‡¨π‡≠á‡¨≤‡¨æ ‡¨è‡¨§‡¨ø‡¨ï‡¨ø ‡¨Æ‡¨æ‡¨Æ‡¨≤‡¨æ, ‡¨Ü‡¨ñ‡¨ø ‡¨¨‡≠Å‡¨ú‡¨ø‡¨≤‡≠á ‡≠™‡≠´‡≠Ø ‡¨∏‡¨Ç‡¨ï‡≠ç‡¨∞‡¨Æ‡¨ø‡¨§ #coronavirus #Covid #IndiaFightsCorona   https://t.co/XcJCLy3GvH",or,[],['https://zeenews.india.com/hindi/zeeodisha/national-international/coronavirus-in-india-coronavirus-covid-19-cases-corona-vaccine-vaccination-kerala/1030617'],[],1,0,3,"['coronavirus', 'covid', 'indiafightscorona']",[],https://twitter.com/ZeeOdisha/status/1461560559405449218,False,,0,,,,,,,,[],,,,
1461560532427755520,1461560532427755520,2021-11-19 00:02:40 EST,2021-11-19,00:02:40,-0500,3406827799,purdyme123,Pilot,,Womens NIKE FORCE BASKETBALL SHOES - Womens Shoes -  https://t.co/PaVvqbMVfN  #COVID-19 #ladies #shoes #skincare #women #stayhome  https://t.co/0HLJd9j5aE,en,[],['https://tinyurl.com/yg73sbct'],['https://pbs.twimg.com/media/FEiBjw1WYAEWfO5.jpg'],0,0,0,"['covid', 'ladies', 'shoes', 'skincare', 'women', 'stayhome']",[],https://twitter.com/purdyme123/status/1461560532427755520,False,,1,https://pbs.twimg.com/media/FEiBjw1WYAEWfO5.jpg,,,,,,,[],,,,
1459623243699032066,1459623243699032066,2021-11-13 15:44:34 EST,2021-11-13,15:44:34,-0500,50085192,simuliu,Simu Liu (ÂàòÊÄùÊÖï),,"When your deodorant holder is also your roomie, sidekick, bff AND life coach??  Catch Marvel Studios‚Äô @ShangChi and The Legend of The Ten Rings streaming now on Disney+, and #SmellReadyForTheHolidays with the long-lasting scent of #OldSpice Dragonblast.   I‚Äôm on a dragon. #ad  https://t.co/BHlv3e4wjm",en,"[{'screen_name': 'shangchi', 'name': 'shang-chi', 'id': '1148979262659145728'}]",[],[],256,1705,23092,"['smellreadyfortheholidays', 'oldspice', 'ad']",[],https://twitter.com/SimuLiu/status/1459623243699032066,False,,1,https://pbs.twimg.com/ext_tw_video_thumb/1459622671763718147/pu/img/mljfb5Unonx3SOvr.jpg,,,,,,,[],,,,
1461563554688081926,1461563554688081926,2021-11-19 00:14:40 EST,2021-11-19,00:14:40,-0500,4328654057,presshub_gr,presshub.gr,,[ŒöŒªŒπŒ∫ Œ∫Œ±Œπ Œ¥ŒπŒ±Œ≤Œ¨œÉœÑŒµ œÉœÑŒø Œ†Œ°Œ©Œ§Œü ŒòŒïŒúŒë] #Œ†Œ¨ŒΩŒ¥Œ∑ŒºŒØŒ±: ŒúœÄœÅŒøœÉœÑŒ¨ œÉœÑŒø ¬´Œ∫œçŒºŒ±¬ª œÑŒ∑œÇ  #COVID Œ¥œçŒø ŒµŒ∫Œ±œÑ. ŒàŒªŒªŒ∑ŒΩŒµœÇ Œ¨ŒΩœâ œÑœâŒΩ 60 ŒµœÑœéŒΩ   https://t.co/ejKDPhPRBj,el,[],['https://www.presshub.gr/articledetails.aspx?aid=8802776&pg=1#presshub'],[],0,0,0,"['œÄŒ¨ŒΩŒ¥Œ∑ŒºŒØŒ±', 'covid']",[],https://twitter.com/presshub_gr/status/1461563554688081926,False,,0,,,,,,,,[],,,,
1461563495183441927,1461563495183441927,2021-11-19 00:14:26 EST,2021-11-19,00:14:26,-0500,251693746,blazmarot,"Bla≈æ Marot, RN",,Noƒçna izmena: Uspe≈°na reanimacija #covid bolnika! üôèüèª,sl,[],[],[],0,0,0,['covid'],[],https://twitter.com/BlazMarot/status/1461563495183441927,False,,0,,,,,,,,[],,,,
1461563438237302788,1461563438237302788,2021-11-19 00:14:12 EST,2021-11-19,00:14:12,-0500,3306545726,unbnewsroom,UNB - United News of Bangladesh,,Bangladesh bracing for third Covid wave? #Covid #expert    https://t.co/dgkcxSSWxb,en,[],['https://unb.com.bd/category/Special/bangladesh-bracing-for-third-covid-wave/82570'],[],0,0,0,"['covid', 'expert']",[],https://twitter.com/unbnewsroom/status/1461563438237302788,False,,0,,,,,,,,[],,,,
1461563419400847361,1461563419400847361,2021-11-19 00:14:08 EST,2021-11-19,00:14:08,-0500,1167832947996729344,h_hendrich,Hendrich,,"#Impfung #Corona #Covid #Wirksamkeit #Pandemie #Nebenwirkungen, Lockdown, Montgomery, Streeck  https://t.co/S1k1x4j1Nn",en,[],['https://rumble.com/vpfnx7-ber-wirksamkeit-und-sicherheit-der-covid-impfstoffe-kati-schepis-pharmazeut.html?fbclid=IwAR3Jhltrm7EFOz9D9ewqLwxqc8Mshy0nlXf5FY50kVhtOJrGzZpCVE4HaOA'],[],0,0,0,"['impfung', 'corona', 'covid', 'wirksamkeit', 'pandemie', 'nebenwirkungen']",[],https://twitter.com/h_hendrich/status/1461563419400847361,False,,0,,,,,,,,[],,,,
1461563380326563842,1461563380326563842,2021-11-19 00:13:59 EST,2021-11-19,00:13:59,-0500,836951766616834048,airnews_bang,AIR News Bangalore,,"‡≤Ü‡≤Ø‡≥Å‡≤∞‡≥ç‡≤µ‡≥á‡≤¶ ‡≤ö‡≤ø‡≤ï‡≤ø‡≤§‡≥ç‡≤∏‡≤æ ‡≤™‡≤¶‡≥ç‡≤ß‡≤§‡≤ø‡≤Ø‡≤≤‡≥ç‡≤≤‡≤ø ‡≤π‡≥Ü‡≤ö‡≥ç‡≤ö‡≤ø‡≤® ‡≤∏‡≤Ç‡≤∂‡≥ã‡≤ß‡≤®‡≥Ü‡≤ó‡≥Ü ‡≤∞‡≤æ‡≤ú‡≥ç‡≤Ø ‡≤∏‡≤∞‡≥ç‡≤ï‡≤æ‡≤∞‡≤¶‡≤ø‡≤Ç‡≤¶ ‡≤Ö‡≤ó‡≤§‡≥ç‡≤Ø ‡≤®‡≥Ü‡≤∞‡≤µ‡≥Å,‡≤™‡≥ç‡≤∞‡≥ã‡≤§‡≥ç‡≤∏‡≤æ‡≤π,‡≤Ö‡≤®‡≥Å‡≤¶‡≤æ‡≤® ‡≤®‡≥Ä‡≤°‡≤≤‡≤æ‡≤ó‡≥Å‡≤µ‡≥Å‡≤¶‡≥Å. #COVID ‡≤∏‡≤Ç‡≤¶‡≤∞‡≥ç‡≤≠‡≤¶‡≤≤‡≥ç‡≤≤‡≤ø ‡≤Ü‡≤Ø‡≥Å‡≤∑‡≥ç ‡≤ö‡≤ø‡≤ï‡≤ø‡≤§‡≥ç‡≤∏‡≥Ü ‡≤Ö‡≤§‡≥ç‡≤Ø‡≤Ç‡≤§ ‡≤™‡≤∞‡≤ø‡≤£‡≤æ‡≤Æ‡≤ï‡≤æ‡≤∞‡≤ø‡≤Ø‡≤æ‡≤ó‡≤ø‡≤§‡≥ç‡≤§‡≥Å.‡≤π‡≤≤‡≤µ‡≥Ü‡≤°‡≥Ü ‡≤à ‡≤™‡≤¶‡≥ç‡≤ß‡≤§‡≤ø‡≤Ø‡≤®‡≥ç‡≤®‡≥Å ‡≤Ö‡≤®‡≥Å‡≤∏‡≤∞‡≤ø‡≤∏‡≤ø  ‡≤∏‡≥ã‡≤Ç‡≤ï‡≤ø‡≤§‡≤∞‡≤®‡≥ç‡≤®‡≥Å ‡≤ó‡≥Å‡≤£‡≤Æ‡≥Å‡≤ñ‡≤∞‡≤®‡≥ç‡≤®‡≤æ‡≤ó‡≤ø ‡≤Æ‡≤æ‡≤°‡≤≤‡≤æ‡≤ó‡≤ø‡≤§‡≥ç‡≤§‡≥Å ‡≤é‡≤Ç‡≤¶‡≥Å ‡≤Ü‡≤∞‡≥ã‡≤ó‡≥ç‡≤Ø  ‡≤∏‡≤ö‡≤ø‡≤µ ‡≤°‡≤æ ‡≤ï‡≥Ü.‡≤∏‡≥Å‡≤ß‡≤æ‡≤ï‡≤∞‡≥ç ‡≤§‡≤ø‡≤≥‡≤ø‡≤∏‡≤ø‡≤¶‡≥ç‡≤¶‡≤æ‡≤∞‡≥Ü",kn,[],[],[],0,0,0,['covid'],[],https://twitter.com/airnews_bang/status/1461563380326563842,False,,0,,,,,,,,[],,,,
1461563319106486274,1461563319106486274,2021-11-19 00:13:44 EST,2021-11-19,00:13:44,-0500,1027491803602112516,nivethasekar10,Nivetha Sekar,,2 doctors from Rajiv Gandhi government hospital in #Chennai have been arrested for raping and molesting 2 other female doctors during #Covid duty.,en,[],[],[],0,0,0,"['chennai', 'covid']",[],https://twitter.com/NivethaSekar10/status/1461563319106486274,False,,0,,,,,,,,[],,,,
1461563168879038467,1461563168879038467,2021-11-19 00:13:08 EST,2021-11-19,00:13:08,-0500,3017859228,tigermkverma,M.K.Verma,,"To manage the #Energy_Crisis and to contain #Pollution and #Covid threat, all of the #Govt, #PSU and #Private Sectors should #work_from_home for at least three days in a week. We already have tested this model during #Lockdown period. @PMOIndia",en,"[{'screen_name': 'pmoindia', 'name': 'pmo india', 'id': '471741741'}]",[],[],0,0,0,"['energy_crisis', 'pollution', 'covid', 'govt', 'psu', 'private', 'work_from_home', 'lockdown']",[],https://twitter.com/TIGERMKVERMA/status/1461563168879038467,False,,0,,,,,,,,[],,,,
1461563055607881735,1461563055607881735,2021-11-19 00:12:41 EST,2021-11-19,00:12:41,-0500,582941136,greaterkashmir,Greater Kashmir,,"#India logs 11,106 new #COVID cases, 459 fresh fatalities |   https://t.co/fT3sATNysr",en,[],['https://www.greaterkashmir.com/india/india-logs-11106-new-covid-cases-459-fresh-fatalities'],[],0,0,1,"['india', 'covid']",[],https://twitter.com/GreaterKashmir/status/1461563055607881735,False,,0,,,,,,,,[],,,,
1461562655613730822,1461562655613730822,2021-11-19 00:11:06 EST,2021-11-19,00:11:06,-0500,132426297,umakanthonline,Umakanth,,1st #LandAcquisitionbill    2nd #DeMonetisation  3rd  #Covid handling (claps and lights and sudden lockdown)    4th  #FarmLaws  Etc.. Every time he is 100% wrong .,en,[],[],[],0,0,0,"['landacquisitionbill', 'demonetisation', 'covid', 'farmlaws']",[],https://twitter.com/umakanthonline/status/1461562655613730822,False,https://twitter.com/ANI/status/1461543939735838722,0,,,,,,,,[],,,,
1461562639675449346,1461562639675449346,2021-11-19 00:11:02 EST,2021-11-19,00:11:02,-0500,39722017,pressetext,pressetext.com,,Corona-Test erkennt Sekund√§rinfektionen. Auf Intensivstationen behandelte #COVID-19-Patienten...  https://t.co/vzAAQX8k08  https://t.co/QGiW0xY2Jb,de,[],['https://www.pressetext.com/news/20211119003'],['https://pbs.twimg.com/media/FEiDebtWUAMLsPT.jpg'],0,0,0,['covid'],[],https://twitter.com/pressetext/status/1461562639675449346,False,,1,https://pbs.twimg.com/media/FEiDebtWUAMLsPT.jpg,,,,,,,[],,,,
1461562639033769989,1461562639033769989,2021-11-19 00:11:02 EST,2021-11-19,00:11:02,-0500,39722017,pressetext,pressetext.com,,Corona-Test erkennt Sekund√§rinfektionen. Auf Intensivstationen behandelte #COVID-19-Patienten...  https://t.co/vzAAQX8k08  https://t.co/9VQM8ucVw8,de,[],['https://www.pressetext.com/news/20211119003'],['https://pbs.twimg.com/media/FEiDeZqWUAI-GkF.jpg'],0,0,0,['covid'],[],https://twitter.com/pressetext/status/1461562639033769989,False,,1,https://pbs.twimg.com/media/FEiDeZqWUAI-GkF.jpg,,,,,,,[],,,,
1461562532116660225,1461562532116660225,2021-11-19 00:10:36 EST,2021-11-19,00:10:36,-0500,1369567984226861057,vandhaanoruvan,‡Æµ‡Æ®‡Øç‡Æ§‡Ææ‡Æ©‡Øç ‡Æí‡Æ∞‡ØÅ‡Æµ‡Æ©‡Øç (‡Æá‡Æ©‡Øç‡Æö‡Øä‡Æ≤‡Øç),,"Wht sort of a crazy conflict of policies does DMK hve with their Illam Thedi Kalvi scheme &amp; offline mode of semester examination D former talks about bringing education 2 doorsteps in d #COVID situation, while d latter takes people out of their comfort psyche #‡ÆÆ‡Ææ‡Æ£‡Æµ‡Æ∞‡Øç‡Æï‡Æ≥‡Øã‡Æü‡ØÅ_‡Æö‡ØÄ‡ÆÆ‡Ææ‡Æ©‡Øç  https://t.co/cqGRXPxRI0",en,[],[],['https://pbs.twimg.com/media/FEiDTykVkAMWaeB.jpg'],0,2,4,"['covid', '‡ÆÆ‡Ææ‡Æ£‡Æµ‡Æ∞‡Øç‡Æï‡Æ≥‡Øã‡Æü‡ØÅ_‡Æö‡ØÄ‡ÆÆ‡Ææ‡Æ©‡Øç']",[],https://twitter.com/VandhaanOruvan/status/1461562532116660225,False,,1,https://pbs.twimg.com/media/FEiDTykVkAMWaeB.jpg,,,,,,,[],,,,
1461562369281249282,1461562369281249282,2021-11-19 00:09:58 EST,2021-11-19,00:09:58,-0500,1182511839705473024,ashlimazl,Abram Shlimazl,,"#Covid ,#vaccination ,#Israel",und,[],[],[],0,0,0,"['covid', 'vaccination', 'israel']",[],https://twitter.com/AShlimazl/status/1461562369281249282,False,https://twitter.com/Shunra2/status/1461271374253727747,0,,,,,,,,[],,,,
1461562300540854278,1461562300540854278,2021-11-19 00:09:41 EST,2021-11-19,00:09:41,-0500,45586528,tuuli_,MM,,"#Steiermark #Covid #Schutz #Impfung Wenn man sich √ºber  https://t.co/CMOwPudTFm angemeldet hat, bekommt man ein SMS automatisch auch f√ºr die 3. Impfung. Terminbuchung: es wurde mir kein Tag zur Auswahl angezeigt -&gt; erst Uhrzeit w√§hlen, dann scheint der m√∂gliche Tag auf!",de,[],['https://anmeldung.steiermark-impft.at/'],[],0,0,1,"['steiermark', 'covid', 'schutz', 'impfung']",[],https://twitter.com/Tuuli_/status/1461562300540854278,False,,0,,,,,,,,[],,,,
1461562222908481545,1461562222908481545,2021-11-19 00:09:23 EST,2021-11-19,00:09:23,-0500,2898227819,kcordell1,K Cordell,,The reason #COVID has surged in FL is because of @GovRonDeSantis. No one likes it except @GOP who thinks it will rank Biden‚Äôs approval.,en,"[{'screen_name': 'govrondesantis', 'name': 'ron desantis', 'id': '1058807868'}, {'screen_name': 'gop', 'name': 'gop', 'id': '11134252'}]",[],[],0,0,1,['covid'],[],https://twitter.com/kcordell1/status/1461562222908481545,False,https://twitter.com/therecount/status/1461389188700721153,0,,,,,,,,[],,,,
1461561987133890566,1461561987133890566,2021-11-19 00:08:26 EST,2021-11-19,00:08:26,-0500,1238398055805620224,codegray2050,Mahmud Hasan,,COVID Vaccination : Pros &amp; Cons of booster doses‚Äî#EUROPEANS24 #Covid_19 #COVID19 #COVID19Vic #Covid #CovidVaccine #Europe #Germany #Pfizer #Biontech #Moderna #boostershot   https://t.co/vy9kaMADBF,en,[],['https://www.europeans24.com/2021/11/covid-vaccination-pros-and-cons-of-booster-doses.html?m=1'],[],0,0,0,"['europeans24', 'covid_19', 'covid19', 'covid19vic', 'covid', 'covidvaccine', 'europe', 'germany', 'pfizer', 'biontech', 'moderna', 'boostershot']",[],https://twitter.com/codegRay2050/status/1461561987133890566,False,,0,,,,,,,,[],,,,
1461561701942317057,1461561701942317057,2021-11-19 00:07:18 EST,2021-11-19,00:07:18,-0500,125478876,obscuranox,Noxi,,Ich mag aufn Arm. #nachtschicht #covid #schei√üe,de,[],[],[],1,0,4,"['nachtschicht', 'covid', 'schei√üe']",[],https://twitter.com/ObscuraNox/status/1461561701942317057,False,,0,,,,,,,,[],,,,
1461561697357864966,1461561697357864966,2021-11-19 00:07:17 EST,2021-11-19,00:07:17,-0500,1149173893157888000,tbsnewsdotnet,The Business Standard,,Market in #China's #Wuhan likely origin of #Covid-19 outbreak - study  https://t.co/9esrjF36Oi,en,[],['https://www.tbsnews.net/coronavirus-chronicle/market-chinas-wuhan-likely-origin-covid-19-outbreak-study-331816#.YZcw5EbrDwU.twitter'],[],0,0,0,"['china', 'wuhan', 'covid']",[],https://twitter.com/tbsnewsdotnet/status/1461561697357864966,False,,0,,,,,,,,[],,,,
1461561497109217280,1461561497109217280,2021-11-19 00:06:30 EST,2021-11-19,00:06:30,-0500,1149173893157888000,tbsnewsdotnet,The Business Standard,,"#Singapore business events bounce back post #Covid, #HongKong flounders  https://t.co/SzRRILGUT4",en,[],['https://www.tbsnews.net/world/south-asia/singapore-business-events-bounce-back-post-covid-hong-kong-flounders-331819#.YZcwu6dNxWU.twitter'],[],0,0,0,"['singapore', 'covid', 'hongkong']",[],https://twitter.com/tbsnewsdotnet/status/1461561497109217280,False,,0,,,,,,,,[],,,,
1461561493674024968,1461561493674024968,2021-11-19 00:06:29 EST,2021-11-19,00:06:29,-0500,1962400056,tnt_bulletin,TNT-The Northeast Today,,TNT | STATES | COVID-19 Status  #meghalaya #assam #tripura #arunachalpradesh #manipur #nagaland #mizoram #sikkim #shillong #imphal #kohima #itanagar #gangtok #guwahati #dispur #dimapur #agartala #aizawl #news #northeastindia #tnt #thenortheasttoday #covid_19 #covid #covidindia  https://t.co/sHCI8tFWj9,en,[],[],['https://pbs.twimg.com/media/FEiCV_gUYAID9P8.jpg'],0,1,0,"['meghalaya', 'assam', 'tripura', 'arunachalpradesh', 'manipur', 'nagaland', 'mizoram', 'sikkim', 'shillong', 'imphal', 'kohima', 'itanagar', 'gangtok', 'guwahati', 'dispur', 'dimapur', 'agartala', 'aizawl', 'news', 'northeastindia', 'tnt', 'thenortheasttoday', 'covid_19', 'covid', 'covidindia']",[],https://twitter.com/Tnt_Bulletin/status/1461561493674024968,False,,1,https://pbs.twimg.com/media/FEiCV_gUYAID9P8.jpg,,,,,,,[],,,,
